"test_type"	"sort_alg"	"log_size"	"size"	"*sort"	"\sort"	"/sort"	"3sort"	"+sort"	"~sort"	"=sort"	"!sort"
"Int64"	"QuickSort"	6	64	4.318e-6	2.614e-6	2.496e-6	2.733e-6	4.094e-6	3.89e-6	2.89e-6	4.17e-6
"Int64"	"QuickSort"	6	64	4.18e-6	2.928e-6	2.728e-6	2.602e-6	4.05e-6	3.748e-6	2.749e-6	4.346e-6
"Int64"	"QuickSort"	6	64	4.06e-6	2.616e-6	2.483e-6	2.718e-6	4.032e-6	3.932e-6	2.718e-6	4.062e-6
"Int64"	"QuickSort"	6	64	4.294e-6	2.9e-6	2.604e-6	2.82e-6	4.178e-6	3.43e-6	2.762e-6	4.301e-6
"Int64"	"QuickSort"	6	64	4.098e-6	2.77e-6	2.534e-6	2.56e-6	3.866e-6	3.928e-6	2.89e-6	4.099e-6
"Int64"	"QuickSort"	7	128	8.612e-6	4.021e-6	4.152e-6	3.832e-6	6.987e-6	6.4e-6	4.134e-6	7.946e-6
"Int64"	"QuickSort"	7	128	8.582e-6	3.963e-6	3.93e-6	3.896e-6	6.902e-6	6.382e-6	4.144e-6	8.012e-6
"Int64"	"QuickSort"	7	128	8.505e-6	3.774e-6	3.608e-6	4.056e-6	6.854e-6	6.188e-6	3.942e-6	7.802e-6
"Int64"	"QuickSort"	7	128	7.998e-6	3.988e-6	3.524e-6	3.742e-6	6.842e-6	5.524e-6	4.098e-6	7.866e-6
"Int64"	"QuickSort"	7	128	8.304e-6	3.796e-6	3.802e-6	3.85e-6	6.782e-6	6.024e-6	3.932e-6	8.011e-6
"Int64"	"QuickSort"	8	256	1.6726e-5	6.19e-6	6.134e-6	5.712e-6	1.1937e-5	1.0604e-5	6.672e-6	1.4082e-5
"Int64"	"QuickSort"	8	256	1.6969e-5	6.14e-6	5.41e-6	5.637e-6	1.2368e-5	1.006e-5	7.028e-6	1.4197e-5
"Int64"	"QuickSort"	8	256	1.6943e-5	6.368e-6	5.424e-6	7.378e-6	1.1987e-5	1.0534e-5	6.734e-6	1.407e-5
"Int64"	"QuickSort"	8	256	1.7043e-5	6.1e-6	5.21e-6	5.778e-6	1.2276e-5	1.0737e-5	6.64e-6	1.4486e-5
"Int64"	"QuickSort"	8	256	1.6535e-5	6.102e-6	5.45e-6	5.734e-6	1.2172e-5	1.0602e-5	6.946e-6	1.4319e-5
"Int64"	"QuickSort"	9	512	3.4935e-5	9.41e-6	9.67e-6	1.015e-5	2.2283e-5	1.9593e-5	1.0623e-5	2.768e-5
"Int64"	"QuickSort"	9	512	3.4883e-5	1.1145e-5	1.0318e-5	1.042e-5	2.2599e-5	1.9568e-5	1.2752e-5	2.8015e-5
"Int64"	"QuickSort"	9	512	3.5233e-5	1.1321e-5	1.0072e-5	1.0585e-5	2.2868e-5	1.9949e-5	1.2351e-5	2.7585e-5
"Int64"	"QuickSort"	9	512	3.5781e-5	1.121e-5	1.0908e-5	1.0708e-5	2.2691e-5	2.0983e-5	1.2364e-5	2.7505e-5
"Int64"	"QuickSort"	9	512	3.5341e-5	1.1239e-5	1.0042e-5	9.759e-6	2.3227e-5	2.0051e-5	1.2326e-5	2.7929e-5
"Int64"	"QuickSort"	10	1024	7.4142e-5	1.9435e-5	1.9556e-5	1.8674e-5	4.3551e-5	3.7675e-5	2.2032e-5	5.7736e-5
"Int64"	"QuickSort"	10	1024	7.4706e-5	1.9451e-5	1.8751e-5	1.9233e-5	4.2533e-5	3.9405e-5	2.1911e-5	5.9954e-5
"Int64"	"QuickSort"	10	1024	7.5173e-5	1.994e-5	1.9978e-5	2.0449e-5	4.458e-5	3.9565e-5	2.1676e-5	6.0636e-5
"Int64"	"QuickSort"	10	1024	7.3296e-5	2.0919e-5	1.9427e-5	1.9805e-5	4.2489e-5	3.6195e-5	2.2866e-5	5.9716e-5
"Int64"	"QuickSort"	10	1024	7.4582e-5	2.0433e-5	1.8984e-5	2.0067e-5	4.4533e-5	3.8654e-5	2.2609e-5	5.8638e-5
"Int64"	"QuickSort"	11	2048	0.000163147	4.1539e-5	3.8767e-5	4.0124e-5	8.6105e-5	7.7959e-5	4.8462e-5	0.000118886
"Int64"	"QuickSort"	11	2048	0.000162345	4.0447e-5	3.8959e-5	4.1637e-5	8.6231e-5	7.5742e-5	4.4983e-5	0.000117663
"Int64"	"QuickSort"	11	2048	0.000159489	3.7972e-5	3.8269e-5	3.8147e-5	8.3334e-5	7.5426e-5	4.4615e-5	0.000117865
"Int64"	"QuickSort"	11	2048	0.000161831	4.0799e-5	3.8329e-5	3.7833e-5	8.5797e-5	7.7466e-5	4.5708e-5	0.000117762
"Int64"	"QuickSort"	11	2048	0.000160119	3.8787e-5	3.8391e-5	3.8054e-5	8.4228e-5	7.7532e-5	4.4733e-5	0.000118432
"Int64"	"QuickSort"	12	4096	0.000346647	8.2357e-5	8.0093e-5	7.9644e-5	0.000174252	0.000153731	0.000104477	0.000273004
"Int64"	"QuickSort"	12	4096	0.000343593	7.9555e-5	7.6832e-5	7.589e-5	0.000173564	0.000156295	9.8353e-5	0.000258766
"Int64"	"QuickSort"	12	4096	0.000345223	8.2499e-5	7.9815e-5	7.9013e-5	0.000168652	0.000159087	0.000105536	0.000260934
"Int64"	"QuickSort"	12	4096	0.000346671	8.0237e-5	7.8584e-5	7.9642e-5	0.000172199	0.000156311	9.8569e-5	0.000257591
"Int64"	"QuickSort"	12	4096	0.000342911	8.3105e-5	7.9479e-5	7.931e-5	0.000168135	0.000160695	9.4561e-5	0.000258697
"Int64"	"QuickSort"	13	8192	0.00075188	0.000168384	0.00016563	0.000165923	0.000357897	0.000322564	0.000214523	0.00054735
"Int64"	"QuickSort"	13	8192	0.000752028	0.000168995	0.00016674	0.000166346	0.000357029	0.000329746	0.000208762	0.00055393
"Int64"	"QuickSort"	13	8192	0.00075234	0.000166735	0.000171657	0.000164841	0.000364619	0.000321113	0.000211409	0.000546709
"Int64"	"QuickSort"	13	8192	0.000751942	0.000168075	0.00024949	0.000166605	0.000358316	0.000311928	0.000210273	0.000546159
"Int64"	"QuickSort"	13	8192	0.000751858	0.000168997	0.000164321	0.000164255	0.000356847	0.000319051	0.000209193	0.000546929
"Int64"	"QuickSort"	14	16384	0.001604102	0.000346083	0.000342559	0.000343301	0.000723657	0.000677845	0.0004471	0.001153366
"Int64"	"QuickSort"	14	16384	0.001597129	0.00034275	0.000341823	0.000342283	0.000724805	0.000659375	0.000447476	0.00114285
"Int64"	"QuickSort"	14	16384	0.001700425	0.000358115	0.000354325	0.000369653	0.000737511	0.000666665	0.000438856	0.001261638
"Int64"	"QuickSort"	14	16384	0.001611448	0.000366254	0.000361045	0.000355343	0.000722635	0.000667195	0.000447447	0.001144892
"Int64"	"QuickSort"	14	16384	0.001690899	0.000354601	0.000357796	0.000358688	0.000740103	0.000660587	0.000446264	0.001158899
"Int64"	"QuickSort"	15	32768	0.003540275	0.000707498	0.000713846	0.000713741	0.001548933	0.001335595	0.000906266	0.00266837
"Int64"	"QuickSort"	15	32768	0.003512897	0.000713702	0.000712238	0.000709187	0.001521689	0.001364477	0.000892161	0.002791417
"Int64"	"QuickSort"	15	32768	0.00353514	0.00068907	0.000686678	0.000763946	0.001524971	0.001352391	0.000904772	0.002641019
"Int64"	"QuickSort"	15	32768	0.003524445	0.000691044	0.000689374	0.000689353	0.001524528	0.001477912	0.000899717	0.002651791
"Int64"	"QuickSort"	15	32768	0.003522713	0.000687456	0.000694372	0.000688926	0.00152772	0.001415056	0.000905684	0.002577589
"Int64"	"QuickSort"	16	65536	0.007328493	0.001457969	0.001435727	0.001509154	0.003192574	0.002887187	0.00189708	0.005684183
"Int64"	"QuickSort"	16	65536	0.007337672	0.001434524	0.001437683	0.00147044	0.003269087	0.002970017	0.001994721	0.005724308
"Int64"	"QuickSort"	16	65536	0.007476905	0.001443252	0.001620232	0.001444024	0.003194779	0.003038082	0.001972968	0.006132311
"Int64"	"QuickSort"	16	65536	0.007396663	0.001443272	0.001535628	0.001445276	0.003285263	0.003018276	0.001914834	0.006119471
"Int64"	"QuickSort"	16	65536	0.007478594	0.001496563	0.001501988	0.00145652	0.003194744	0.002906233	0.001901996	0.006197461
"Int64"	"QuickSort"	17	131072	0.015713945	0.003126672	0.003292635	0.003291012	0.00678064	0.006107385	0.004074761	0.012264074
"Int64"	"QuickSort"	17	131072	0.015774176	0.003105506	0.003194895	0.003032644	0.006776318	0.006204965	0.00413333	0.012155329
"Int64"	"QuickSort"	17	131072	0.015623456	0.003021903	0.003107524	0.003157627	0.006777808	0.00605962	0.004079371	0.012133268
"Int64"	"QuickSort"	17	131072	0.015739438	0.00311235	0.003123909	0.003034218	0.006867167	0.005966676	0.004018468	0.012348138
"Int64"	"QuickSort"	17	131072	0.015627035	0.003115088	0.003112726	0.003141461	0.006779875	0.006104005	0.003999336	0.012193813
"Int64"	"QuickSort"	18	262144	0.033291602	0.006511927	0.006775135	0.006536453	0.014342638	0.01259293	0.008732685	0.025255309
"Int64"	"QuickSort"	18	262144	0.033342379	0.006421272	0.006470854	0.006588876	0.014096291	0.012268794	0.00860044	0.024674322
"Int64"	"QuickSort"	18	262144	0.032686323	0.006428316	0.00660009	0.00648386	0.014105795	0.01263016	0.008734915	0.02548631
"Int64"	"QuickSort"	18	262144	0.033152575	0.006522497	0.007038756	0.006625845	0.014461144	0.012583971	0.00869098	0.025090376
"Int64"	"QuickSort"	18	262144	0.033221932	0.006577329	0.006596158	0.006582019	0.014268954	0.012395137	0.008788352	0.02607381
"Int64"	"QuickSort"	19	524288	0.069760582	0.013940361	0.014434029	0.014496154	0.029830375	0.02592461	0.018418457	0.053969524
"Int64"	"QuickSort"	19	524288	0.069790123	0.014220758	0.014422548	0.014249225	0.029911108	0.026148707	0.018447811	0.053597073
"Int64"	"QuickSort"	19	524288	0.070146583	0.014164951	0.01426841	0.014171454	0.029846882	0.025629324	0.018269905	0.053174339
"Int64"	"QuickSort"	19	524288	0.069933945	0.014135463	0.014237162	0.014447503	0.030086582	0.026214927	0.01836908	0.053208445
"Int64"	"QuickSort"	19	524288	0.070108574	0.014136116	0.014739763	0.014098458	0.029952539	0.02629962	0.018097856	0.053594914
"Float32"	"QuickSort"	6	64	5.337e-6	3.522e-6	4.22e-6	3.224e-6	4.358e-6	4.524e-6	3.112e-6	5.061e-6
"Float32"	"QuickSort"	6	64	5.068e-6	3.394e-6	3.296e-6	3.387e-6	4.522e-6	4.5e-6	3.148e-6	5.116e-6
"Float32"	"QuickSort"	6	64	5.402e-6	3.754e-6	3.312e-6	3.22e-6	4.544e-6	4.336e-6	3.15e-6	4.804e-6
"Float32"	"QuickSort"	6	64	5.147e-6	3.514e-6	3.174e-6	3.608e-6	4.526e-6	4.434e-6	3.312e-6	5.02e-6
"Float32"	"QuickSort"	6	64	5.345e-6	3.4e-6	3.32e-6	3.53e-6	4.9e-6	4.484e-6	3.15e-6	5.26e-6
"Float32"	"QuickSort"	7	128	9.827e-6	7.755e-6	5.092e-6	7.429e-6	1.0349e-5	9.689e-6	7.722e-6	1.0986e-5
"Float32"	"QuickSort"	7	128	1.016e-5	7.308e-6	7.09e-6	7.494e-6	1.0974e-5	9.612e-6	7.019e-6	1.1444e-5
"Float32"	"QuickSort"	7	128	9.989e-6	7.614e-6	7.08e-6	7.3e-6	1.0076e-5	1.0122e-5	7.17e-6	1.131e-5
"Float32"	"QuickSort"	7	128	9.153e-6	7.48e-6	7.285e-6	7.269e-6	1.0963e-5	9.473e-6	7.09e-6	1.14e-5
"Float32"	"QuickSort"	7	128	9.174e-6	7.329e-6	7.11e-6	7.29e-6	1.0415e-5	9.767e-6	7.438e-6	1.1363e-5
"Float32"	"QuickSort"	8	256	1.9454e-5	7.998e-6	8.087e-6	7.629e-6	1.4095e-5	1.228e-5	7.761e-6	1.5918e-5
"Float32"	"QuickSort"	8	256	2.0355e-5	7.789e-6	7.663e-6	7.849e-6	1.3871e-5	1.327e-5	7.34e-6	1.5745e-5
"Float32"	"QuickSort"	8	256	1.9141e-5	7.324e-6	7.156e-6	7.21e-6	1.4274e-5	1.2526e-5	7.822e-6	1.6165e-5
"Float32"	"QuickSort"	8	256	1.9258e-5	7.516e-6	7.081e-6	7.55e-6	1.4363e-5	1.2797e-5	7.044e-6	1.5883e-5
"Float32"	"QuickSort"	8	256	9.4459e-5	7.708e-6	7.714e-6	7.46e-6	1.4024e-5	1.311e-5	7.438e-6	1.5395e-5
"Float32"	"QuickSort"	9	512	3.9233e-5	1.3179e-5	1.3402e-5	1.3202e-5	2.5425e-5	2.2511e-5	1.2433e-5	3.0623e-5
"Float32"	"QuickSort"	9	512	3.8963e-5	1.2191e-5	1.1951e-5	1.4602e-5	2.8995e-5	2.3493e-5	1.6325e-5	3.3089e-5
"Float32"	"QuickSort"	9	512	3.9537e-5	1.4928e-5	1.48e-5	1.535e-5	2.7552e-5	2.5701e-5	1.5743e-5	3.3359e-5
"Float32"	"QuickSort"	9	512	3.9675e-5	1.5746e-5	1.5226e-5	1.5193e-5	2.8667e-5	2.5889e-5	1.553e-5	3.3489e-5
"Float32"	"QuickSort"	9	512	3.9112e-5	1.5537e-5	1.505e-5	1.4936e-5	2.7606e-5	2.5375e-5	1.643e-5	3.3141e-5
"Float32"	"QuickSort"	10	1024	8.3062e-5	2.2949e-5	2.33e-5	2.2557e-5	4.8354e-5	4.6628e-5	2.5314e-5	6.6066e-5
"Float32"	"QuickSort"	10	1024	8.2663e-5	2.2941e-5	2.2607e-5	2.3489e-5	4.9172e-5	4.1381e-5	2.7173e-5	6.6076e-5
"Float32"	"QuickSort"	10	1024	8.412e-5	2.4033e-5	2.3279e-5	2.3917e-5	4.9391e-5	4.4484e-5	2.4461e-5	6.4472e-5
"Float32"	"QuickSort"	10	1024	8.4759e-5	2.5582e-5	2.4641e-5	2.4395e-5	4.9292e-5	4.5466e-5	2.4901e-5	6.5054e-5
"Float32"	"QuickSort"	10	1024	8.2735e-5	2.292e-5	2.2307e-5	2.2755e-5	4.9488e-5	4.3975e-5	2.7419e-5	6.6136e-5
"Float32"	"QuickSort"	11	2048	0.000175054	4.6979e-5	4.6589e-5	4.5782e-5	9.7889e-5	8.7471e-5	5.1144e-5	0.000127224
"Float32"	"QuickSort"	11	2048	0.000175343	4.7845e-5	4.6231e-5	4.807e-5	0.000100923	9.0123e-5	5.6153e-5	0.00013007
"Float32"	"QuickSort"	11	2048	0.000175608	4.881e-5	4.8643e-5	4.8817e-5	0.000101589	9.1235e-5	5.5114e-5	0.00013049
"Float32"	"QuickSort"	11	2048	0.000176988	5.059e-5	5.199e-5	5.0334e-5	0.000101081	9.1715e-5	5.3966e-5	0.00013012
"Float32"	"QuickSort"	11	2048	0.000175134	5.0063e-5	4.8669e-5	4.904e-5	0.000101484	8.7219e-5	5.5234e-5	0.000130788
"Float32"	"QuickSort"	12	4096	0.000380206	9.7187e-5	9.4799e-5	9.4709e-5	0.000201825	0.000172577	0.00010926	0.000287131
"Float32"	"QuickSort"	12	4096	0.000380108	9.8127e-5	9.5699e-5	9.5733e-5	0.000203204	0.000174111	0.000107141	0.00029155
"Float32"	"QuickSort"	12	4096	0.0003784	9.5929e-5	9.3767e-5	9.3387e-5	0.000199046	0.000172679	0.000109564	0.000290801
"Float32"	"QuickSort"	12	4096	0.000379848	9.6211e-5	9.3569e-5	9.3675e-5	0.000202579	0.000177064	0.000106987	0.000288346
"Float32"	"QuickSort"	12	4096	0.00038052	9.8455e-5	9.6145e-5	9.5275e-5	0.000199792	0.000174162	0.000107314	0.000291223
"Float32"	"QuickSort"	13	8192	0.000811849	0.000204579	0.000199637	0.000199	0.000420671	0.000360633	0.000222957	0.000599367
"Float32"	"QuickSort"	13	8192	0.000805536	0.000199954	0.000193828	0.00019801	0.000422583	0.000356447	0.000228447	0.000708062
"Float32"	"QuickSort"	13	8192	0.000806065	0.000199164	0.000195788	0.000195525	0.00041486	0.000362783	0.000232253	0.000595415
"Float32"	"QuickSort"	13	8192	0.00080788	0.000199525	0.000196536	0.00019638	0.000420947	0.000354435	0.000226059	0.000595099
"Float32"	"QuickSort"	13	8192	0.000807213	0.000198804	0.000280977	0.000194256	0.000415181	0.000356457	0.000228105	0.000595868
"Float32"	"QuickSort"	14	16384	0.001749851	0.000423015	0.000413743	0.000413847	0.00087623	0.000740854	0.000466459	0.001372168
"Float32"	"QuickSort"	14	16384	0.001852719	0.000415165	0.000402267	0.000403273	0.000873497	0.000740662	0.000473955	0.001362251
"Float32"	"QuickSort"	14	16384	0.001741559	0.000414113	0.000406415	0.000407183	0.000874575	0.000808078	0.000482317	0.001448097
"Float32"	"QuickSort"	14	16384	0.001820013	0.000408365	0.000399224	0.00040263	0.000876998	0.000742265	0.000476865	0.001364121
"Float32"	"QuickSort"	14	16384	0.001740063	0.000495901	0.000405909	0.000405643	0.000876912	0.000736955	0.000479905	0.001363331
"Float32"	"QuickSort"	15	32768	0.003781401	0.000868173	0.000847117	0.000848899	0.001811816	0.001543799	0.001015154	0.002900109
"Float32"	"QuickSort"	15	32768	0.003763211	0.000852009	0.000827118	0.000832314	0.001885007	0.001614654	0.001067659	0.002893735
"Float32"	"QuickSort"	15	32768	0.003786789	0.000942897	0.000854261	0.000846621	0.001830068	0.00151957	0.001031413	0.002908435
"Float32"	"QuickSort"	15	32768	0.003774651	0.000857507	0.000836086	0.000840498	0.001816259	0.001658441	0.001030555	0.002915651
"Float32"	"QuickSort"	15	32768	0.003807207	0.000957512	0.000868495	0.000869471	0.001908102	0.001499187	0.001028997	0.002911496
"Float32"	"QuickSort"	16	65536	0.008006932	0.00175174	0.001717544	0.001810159	0.003904615	0.003147363	0.002085956	0.00662466
"Float32"	"QuickSort"	16	65536	0.007979457	0.001870318	0.001836679	0.001749194	0.003893228	0.003147047	0.002098868	0.006525515
"Float32"	"QuickSort"	16	65536	0.007855237	0.001747615	0.001801357	0.001855474	0.003778385	0.00318909	0.002166806	0.006600668
"Float32"	"QuickSort"	16	65536	0.007982678	0.001876166	0.001814891	0.001823547	0.003894251	0.003205291	0.00209893	0.006479411
"Float32"	"QuickSort"	16	65536	0.00798421	0.001748655	0.001742278	0.001709834	0.003866634	0.003212839	0.002072921	0.006517535
"Float32"	"QuickSort"	17	131072	0.016810402	0.003715705	0.003630186	0.003658671	0.008074572	0.00659501	0.004437881	0.013603889
"Float32"	"QuickSort"	17	131072	0.016868594	0.003715575	0.003647374	0.003725323	0.008062428	0.00670126	0.004454963	0.013597414
"Float32"	"QuickSort"	17	131072	0.016724853	0.003710027	0.0036335	0.003699009	0.00801442	0.006561164	0.004484033	0.013530888
"Float32"	"QuickSort"	17	131072	0.016900004	0.003730359	0.003657416	0.00366478	0.008153207	0.006535497	0.004486777	0.013458002
"Float32"	"QuickSort"	17	131072	0.016819098	0.003631786	0.003548799	0.003654611	0.008112476	0.006449427	0.004502848	0.013453983
"Float32"	"QuickSort"	18	262144	0.035293652	0.007676387	0.007526571	0.007575808	0.016815085	0.013206447	0.009372363	NA
"Float32"	"QuickSort"	18	262144	0.035384822	0.007715733	0.007664415	0.007483066	0.016552163	0.013668409	0.009423889	NA
"Float32"	"QuickSort"	18	262144	0.035296601	0.00758616	0.007589045	0.007536948	0.016768914	0.013558362	0.009179094	NA
"Float32"	"QuickSort"	18	262144	0.035395958	0.007731181	0.007617648	0.007617208	0.016823306	0.013652074	0.009500905	NA
"Float32"	"QuickSort"	18	262144	0.035125437	0.007625056	0.007600611	0.007507534	0.016724592	0.013361439	0.009373723	NA
"Float32"	"QuickSort"	19	524288	0.07484755	0.016140938	0.015665335	0.015760342	0.035236403	0.028441965	0.019991152	NA
"Float32"	"QuickSort"	19	524288	0.074792152	0.016124395	0.015824633	0.015843218	0.035437055	0.028643248	0.019810768	NA
"Float32"	"QuickSort"	19	524288	0.074875212	0.01604406	0.015782643	0.01576064	0.035354126	0.027556305	0.019897436	NA
"Float32"	"QuickSort"	19	524288	0.075501487	0.01613656	0.015757735	0.015755719	0.035176741	0.027558763	0.019760478	NA
"Float32"	"QuickSort"	19	524288	0.074732436	0.016287049	0.015861403	0.015878329	0.035411818	0.028079526	0.019861943	NA
"Float64"	"QuickSort"	6	64	5.615e-6	3.664e-6	3.554e-6	3.68e-6	4.776e-6	4.958e-6	3.488e-6	5.382e-6
"Float64"	"QuickSort"	6	64	5.866e-6	3.492e-6	3.294e-6	3.66e-6	4.562e-6	4.732e-6	3.608e-6	5.452e-6
"Float64"	"QuickSort"	6	64	5.656e-6	3.613e-6	3.558e-6	6.318e-6	7.169e-6	7.896e-6	6.298e-6	8.094e-6
"Float64"	"QuickSort"	6	64	6.227e-6	6.732e-6	6.327e-6	6.878e-6	8.11e-6	7.67e-6	6.942e-6	7.627e-6
"Float64"	"QuickSort"	6	64	6.226e-6	5.472e-6	6.24e-6	5.978e-6	7.726e-6	7.845e-6	6.148e-6	8.455e-6
"Float64"	"QuickSort"	7	128	9.855e-6	5.78e-6	5.048e-6	5.556e-6	8.523e-6	7.744e-6	5.142e-6	9.693e-6
"Float64"	"QuickSort"	7	128	1.0023e-5	5.198e-6	5.587e-6	5.228e-6	8.601e-6	7.353e-6	4.704e-6	9.23e-6
"Float64"	"QuickSort"	7	128	9.847e-6	4.962e-6	4.796e-6	5.048e-6	8.2e-6	7.413e-6	4.886e-6	8.734e-6
"Float64"	"QuickSort"	7	128	9.837e-6	5.264e-6	5.304e-6	5.023e-6	8.485e-6	8.06e-6	5.068e-6	9.296e-6
"Float64"	"QuickSort"	7	128	9.636e-6	5.024e-6	4.902e-6	5.257e-6	8.304e-6	7.14e-6	5.381e-6	8.982e-6
"Float64"	"QuickSort"	8	256	2.0667e-5	7.984e-6	7.562e-6	7.653e-6	1.4672e-5	1.3135e-5	8.156e-6	1.6593e-5
"Float64"	"QuickSort"	8	256	1.9558e-5	7.554e-6	7.8e-6	1.0642e-5	1.757e-5	1.5575e-5	1.0462e-5	1.8789e-5
"Float64"	"QuickSort"	8	256	2.0943e-5	1.0875e-5	1.0987e-5	1.055e-5	1.7457e-5	1.6465e-5	1.0513e-5	1.9022e-5
"Float64"	"QuickSort"	8	256	1.9896e-5	1.0874e-5	1.0613e-5	1.1238e-5	1.7827e-5	1.6316e-5	1.0804e-5	1.8408e-5
"Float64"	"QuickSort"	8	256	2.0768e-5	1.0048e-5	1.1399e-5	1.0288e-5	1.7692e-5	1.5486e-5	1.091e-5	1.893e-5
"Float64"	"QuickSort"	9	512	4.0186e-5	1.4403e-5	1.3278e-5	1.3505e-5	2.6625e-5	2.3352e-5	1.6803e-5	3.2355e-5
"Float64"	"QuickSort"	9	512	3.9412e-5	1.306e-5	1.2678e-5	1.2758e-5	2.6593e-5	2.3612e-5	1.4578e-5	3.1693e-5
"Float64"	"QuickSort"	9	512	4.1625e-5	1.4538e-5	1.4201e-5	1.507e-5	2.6237e-5	2.4503e-5	1.3854e-5	3.1825e-5
"Float64"	"QuickSort"	9	512	3.9331e-5	1.3218e-5	1.2488e-5	1.314e-5	2.6618e-5	2.3289e-5	1.487e-5	3.2629e-5
"Float64"	"QuickSort"	9	512	4.1306e-5	1.4736e-5	1.3816e-5	1.5503e-5	2.6669e-5	2.4255e-5	1.3894e-5	3.1651e-5
"Float64"	"QuickSort"	10	1024	8.7102e-5	2.5887e-5	2.4465e-5	2.4885e-5	5.1742e-5	4.7283e-5	3.0243e-5	6.9868e-5
"Float64"	"QuickSort"	10	1024	8.8171e-5	2.7267e-5	2.5962e-5	2.8799e-5	5.5526e-5	4.8446e-5	2.9763e-5	7.0654e-5
"Float64"	"QuickSort"	10	1024	8.728e-5	2.8731e-5	2.8097e-5	2.8481e-5	5.56e-5	4.98e-5	3.0741e-5	7.0021e-5
"Float64"	"QuickSort"	10	1024	8.7835e-5	2.9274e-5	2.8606e-5	2.8095e-5	5.6139e-5	4.8822e-5	3.0599e-5	7.1324e-5
"Float64"	"QuickSort"	10	1024	8.6301e-5	2.8286e-5	2.7723e-5	2.8993e-5	5.5452e-5	5.0025e-5	2.9713e-5	7.1292e-5
"Float64"	"QuickSort"	11	2048	0.000182926	5.2172e-5	4.9538e-5	5.0242e-5	0.000107061	9.4119e-5	5.7812e-5	0.000135352
"Float64"	"QuickSort"	11	2048	0.000184038	5.2122e-5	5.135e-5	5.1024e-5	0.000105393	9.3811e-5	5.444e-5	0.00013543
"Float64"	"QuickSort"	11	2048	0.000182796	5.114e-5	4.894e-5	4.9867e-5	0.000102467	9.2258e-5	5.5896e-5	0.000134684
"Float64"	"QuickSort"	11	2048	0.000183728	5.2239e-5	5.0142e-5	5.1296e-5	0.000105551	9.0947e-5	5.6294e-5	0.00013487
"Float64"	"QuickSort"	11	2048	0.00018266	5.0894e-5	4.9071e-5	4.9207e-5	0.000102551	9.2119e-5	5.6602e-5	0.00013485
"Float64"	"QuickSort"	12	4096	0.000489703	0.000103597	0.000101379	0.000102143	0.000216011	0.000187938	0.000121238	0.000302952
"Float64"	"QuickSort"	12	4096	0.000392768	0.000101303	9.8229e-5	0.000101387	0.000313394	0.000190794	0.00012057	0.000301892
"Float64"	"QuickSort"	12	4096	0.000397085	0.000107854	0.000106117	0.000105831	0.000223577	0.000193782	0.000122796	0.000308155
"Float64"	"QuickSort"	12	4096	0.000397364	0.000107034	0.000104317	0.000104731	0.000219503	0.000196464	0.000120162	0.000302967
"Float64"	"QuickSort"	12	4096	0.000398367	0.000107959	0.000106168	0.000105815	0.000223257	0.000189472	0.000120022	0.00030745
"Float64"	"QuickSort"	13	8192	0.000845471	0.000217785	0.000210759	0.000211593	0.000450583	0.000450179	0.000246538	0.00062794
"Float64"	"QuickSort"	13	8192	0.000865057	0.000226122	0.000222503	0.000223245	0.000450584	0.000384484	0.000338386	0.00063481
"Float64"	"QuickSort"	13	8192	0.000844788	0.000216171	0.000210405	0.000210679	0.000451408	0.000378124	0.000248942	0.000723704
"Float64"	"QuickSort"	13	8192	0.000843565	0.000296671	0.00021186	0.000210791	0.000448603	0.000403879	0.00024909	0.000626498
"Float64"	"QuickSort"	13	8192	0.000844361	0.000216322	0.000211297	0.000211056	0.000450928	0.000392085	0.00025027	0.0006327
"Float64"	"QuickSort"	14	16384	0.001911024	0.000449722	0.000436382	0.00044162	0.000915759	0.000786085	0.00052391	0.001516933
"Float64"	"QuickSort"	14	16384	0.001813842	0.000455531	0.000446276	0.000447622	0.000921114	0.000788793	0.000521825	0.001524494
"Float64"	"QuickSort"	14	16384	0.001912346	0.000468303	0.000459239	0.000456502	0.001012434	0.000785649	0.00052291	0.001423939
"Float64"	"QuickSort"	14	16384	0.001813704	0.00044818	0.000434422	0.000437176	0.000919691	0.000783586	0.000528273	0.001424711
"Float64"	"QuickSort"	14	16384	0.001830162	0.00046703	0.000458452	0.00045643	0.000916977	0.000798691	0.000580326	0.001423561
"Float64"	"QuickSort"	15	32768	0.003936818	0.000934352	0.000997879	0.00090912	0.001939529	0.001724744	0.001097535	0.0030094
"Float64"	"QuickSort"	15	32768	0.003907147	0.000997009	0.000892832	0.00089046	0.001914502	0.001709793	0.001063935	0.002925956
"Float64"	"QuickSort"	15	32768	0.003911242	0.00090122	0.000878936	0.000881582	0.001998495	0.00170084	0.001071036	0.002948813
"Float64"	"QuickSort"	15	32768	0.003826055	0.000900577	0.000880427	0.000881237	0.002040022	0.001620776	0.001077291	0.003047714
"Float64"	"QuickSort"	15	32768	0.00383363	0.000901392	0.000981391	0.000879836	0.001912006	0.001686027	0.001157249	0.002982289
"Float64"	"QuickSort"	16	65536	0.008302282	0.001881684	0.001922426	0.00184829	0.004065216	0.003398321	0.002316544	0.006813497
"Float64"	"QuickSort"	16	65536	0.008264873	0.001874177	0.001830454	0.001888641	0.004220609	0.003537979	0.002343384	0.006695527
"Float64"	"QuickSort"	16	65536	0.00824112	0.001866048	0.00190712	0.001827388	0.004013786	0.003439399	0.002257245	0.006905213
"Float64"	"QuickSort"	16	65536	0.008261732	0.001885153	0.001852788	0.001850252	0.004015502	0.003359656	0.002233487	0.006850485
"Float64"	"QuickSort"	16	65536	0.008268961	0.001866195	0.001921816	0.001829462	0.004086072	0.003416156	0.002246821	0.006854386
"Float64"	"QuickSort"	17	131072	0.017409562	0.003914631	0.003848459	0.003835421	0.008326918	0.00718647	0.004773432	0.014231938
"Float64"	"QuickSort"	17	131072	0.017544212	0.003958127	0.003876904	0.003888575	0.008475321	0.007011371	0.004882941	0.014173521
"Float64"	"QuickSort"	17	131072	0.017535474	0.004011252	0.003948542	0.003961939	0.00858591	0.007026035	0.004785708	0.014270377
"Float64"	"QuickSort"	17	131072	0.017652469	0.004020897	0.003946816	0.003967429	0.008482845	0.007069919	0.004796693	0.014132277
"Float64"	"QuickSort"	17	131072	0.017471022	0.004033997	0.003957055	0.003953702	0.00849653	0.007068028	0.00480573	0.014085816
"Float64"	"QuickSort"	18	262144	0.037056434	0.008365759	0.008218582	0.008232155	0.017684915	0.014699618	0.010127127	NA
"Float64"	"QuickSort"	18	262144	0.037112094	0.008344665	0.00817084	0.008226921	0.017680909	0.014187638	0.010055255	NA
"Float64"	"QuickSort"	18	262144	0.037013267	0.008355123	0.008223214	0.008231494	0.017806442	0.014607691	0.010283796	NA
"Float64"	"QuickSort"	18	262144	0.036923668	0.008336662	0.008086703	0.008151579	0.017677826	0.014379485	0.010222163	NA
"Float64"	"QuickSort"	18	262144	0.037054623	0.0083394	0.008240489	0.008300972	0.017768957	0.014768156	0.010152982	NA
"Float64"	"QuickSort"	19	524288	0.07738291	0.017151392	0.016848438	0.0169381	0.036824059	0.029801046	0.021139416	NA
"Float64"	"QuickSort"	19	524288	0.077973344	0.017326337	0.016968523	0.017101228	0.036824571	0.029675731	0.021210403	NA
"Float64"	"QuickSort"	19	524288	0.078037616	0.017272992	0.017114041	0.017256302	0.036941611	0.030590338	0.021209926	NA
"Float64"	"QuickSort"	19	524288	0.077907501	0.017346974	0.017058818	0.016934015	0.036823433	0.030292039	0.021227763	NA
"Float64"	"QuickSort"	19	524288	0.078182348	0.017229132	0.016985596	0.016934345	0.036543314	0.029597679	0.021252025	NA
"Int64"	"OldQuickSort"	6	64	4.38e-6	2.524e-6	2.42e-6	2.788e-6	4.127e-6	3.597e-6	2.502e-6	4.794e-6
"Int64"	"OldQuickSort"	6	64	4.734e-6	2.662e-6	2.684e-6	2.752e-6	4.252e-6	3.91e-6	2.708e-6	5.088e-6
"Int64"	"OldQuickSort"	6	64	4.561e-6	2.866e-6	2.584e-6	2.602e-6	4.616e-6	3.914e-6	2.662e-6	4.814e-6
"Int64"	"OldQuickSort"	6	64	4.92e-6	2.744e-6	2.771e-6	2.822e-6	4.176e-6	3.976e-6	2.674e-6	5.064e-6
"Int64"	"OldQuickSort"	6	64	5.1e-6	2.704e-6	2.68e-6	2.778e-6	4.268e-6	3.796e-6	2.508e-6	4.73e-6
"Int64"	"OldQuickSort"	7	128	9.058e-6	4.382e-6	4.216e-6	4.546e-6	7.208e-6	6.502e-6	4.098e-6	9.802e-6
"Int64"	"OldQuickSort"	7	128	9.144e-6	4.339e-6	4.246e-6	4.428e-6	7.175e-6	6.178e-6	3.689e-6	9.573e-6
"Int64"	"OldQuickSort"	7	128	8.958e-6	4.102e-6	4.09e-6	4.104e-6	7.34e-6	6.21e-6	3.723e-6	9.674e-6
"Int64"	"OldQuickSort"	7	128	8.72e-6	8.4415e-5	4.276e-6	4.666e-6	6.918e-6	6.236e-6	3.714e-6	9.688e-6
"Int64"	"OldQuickSort"	7	128	9.104e-6	4.057e-6	4.0e-6	4.316e-6	6.912e-6	5.898e-6	3.7e-6	9.374e-6
"Int64"	"OldQuickSort"	8	256	1.7758e-5	7.204e-6	6.834e-6	7.141e-6	1.228e-5	1.0779e-5	7.04e-6	1.9446e-5
"Int64"	"OldQuickSort"	8	256	1.7856e-5	6.885e-6	6.566e-6	6.36e-6	1.2644e-5	1.1469e-5	6.818e-6	1.9217e-5
"Int64"	"OldQuickSort"	8	256	1.8119e-5	7.353e-6	6.657e-6	6.908e-6	1.25e-5	1.0748e-5	6.791e-6	1.9341e-5
"Int64"	"OldQuickSort"	8	256	1.7642e-5	7.02e-6	6.55e-6	6.826e-6	1.2362e-5	1.0792e-5	6.885e-6	1.9334e-5
"Int64"	"OldQuickSort"	8	256	1.747e-5	6.762e-6	6.112e-6	6.048e-6	1.2914e-5	1.0506e-5	7.33e-6	1.9373e-5
"Int64"	"OldQuickSort"	9	512	3.6803e-5	1.0142e-5	1.0586e-5	1.0658e-5	2.2581e-5	2.0326e-5	1.2774e-5	4.0649e-5
"Int64"	"OldQuickSort"	9	512	3.7123e-5	1.0685e-5	1.0919e-5	1.0428e-5	2.3015e-5	2.1255e-5	1.2785e-5	3.9809e-5
"Int64"	"OldQuickSort"	9	512	3.8043e-5	1.2495e-5	1.093e-5	1.1711e-5	2.3345e-5	1.9692e-5	1.2152e-5	4.1281e-5
"Int64"	"OldQuickSort"	9	512	3.6959e-5	1.0966e-5	1.0885e-5	1.0871e-5	0.000112186	1.995e-5	1.2361e-5	3.9695e-5
"Int64"	"OldQuickSort"	9	512	3.7484e-5	1.2059e-5	1.1628e-5	1.1507e-5	2.3475e-5	1.945e-5	1.1801e-5	4.0417e-5
"Int64"	"OldQuickSort"	10	1024	8.1039e-5	2.2757e-5	2.1272e-5	2.1369e-5	4.4359e-5	4.2668e-5	2.3231e-5	0.000170693
"Int64"	"OldQuickSort"	10	1024	7.9759e-5	2.0803e-5	2.2365e-5	2.1179e-5	4.5818e-5	3.8919e-5	2.4237e-5	8.5541e-5
"Int64"	"OldQuickSort"	10	1024	7.9584e-5	2.1075e-5	2.1937e-5	2.1525e-5	4.3027e-5	4.0105e-5	2.5477e-5	8.4714e-5
"Int64"	"OldQuickSort"	10	1024	8.0922e-5	2.1016e-5	2.2513e-5	2.2374e-5	4.3481e-5	3.8589e-5	2.3323e-5	8.6471e-5
"Int64"	"OldQuickSort"	10	1024	7.9553e-5	2.1161e-5	2.2519e-5	2.2545e-5	4.3357e-5	3.9527e-5	2.5246e-5	8.4163e-5
"Int64"	"OldQuickSort"	11	2048	0.000169121	4.485e-5	4.3213e-5	4.3041e-5	8.6531e-5	8.1872e-5	4.8429e-5	0.000181928
"Int64"	"OldQuickSort"	11	2048	0.000167015	0.000130576	4.0823e-5	4.0771e-5	8.5243e-5	7.8608e-5	4.5296e-5	0.000183826
"Int64"	"OldQuickSort"	11	2048	0.000168924	4.3087e-5	4.2264e-5	4.4385e-5	8.3712e-5	7.7461e-5	4.9187e-5	0.000180771
"Int64"	"OldQuickSort"	11	2048	0.000166641	4.116e-5	4.0149e-5	4.0893e-5	8.4511e-5	7.6617e-5	4.6725e-5	0.000183076
"Int64"	"OldQuickSort"	11	2048	0.000168804	4.3504e-5	4.2662e-5	4.2541e-5	8.4147e-5	7.5145e-5	4.9007e-5	0.000181136
"Int64"	"OldQuickSort"	12	4096	0.000360525	8.7285e-5	8.561e-5	8.5709e-5	0.00017274	0.000160287	0.000102423	0.000611537
"Int64"	"OldQuickSort"	12	4096	0.000358102	0.000169607	8.4735e-5	8.3709e-5	0.000171764	0.000156435	9.9552e-5	0.000607283
"Int64"	"OldQuickSort"	12	4096	0.000362888	9.0913e-5	8.8906e-5	9.0763e-5	0.000178373	0.000163386	0.000105035	0.000610749
"Int64"	"OldQuickSort"	12	4096	0.000359307	8.7169e-5	8.5931e-5	8.6501e-5	0.000171693	0.000154635	0.00010045	0.000608121
"Int64"	"OldQuickSort"	12	4096	0.000365243	8.9221e-5	8.8669e-5	8.8783e-5	0.000172318	0.000160541	0.000100231	0.000759242
"Int64"	"OldQuickSort"	13	8192	0.00077909	0.000180164	0.000178824	0.000268219	0.000346323	0.000331028	0.000211553	0.001260763
"Int64"	"OldQuickSort"	13	8192	0.000781525	0.000183058	0.000180864	0.00018148	0.000346815	0.000321134	0.000216302	0.001249583
"Int64"	"OldQuickSort"	13	8192	0.000780807	0.000180954	0.000181078	0.000180929	0.000358368	0.00032729	0.000210835	0.001170789
"Int64"	"OldQuickSort"	13	8192	0.000787145	0.000188296	0.000187896	0.000203367	0.000346403	0.000324044	0.000209803	0.001170449
"Int64"	"OldQuickSort"	13	8192	0.000779582	0.000179846	0.000177431	0.000178211	0.000347633	0.000320276	0.000222345	0.001169889
"Int64"	"OldQuickSort"	14	16384	0.001667922	0.000369846	0.000402047	0.000372356	0.000688992	0.000666215	0.000449851	0.004939572
"Int64"	"OldQuickSort"	14	16384	0.001667822	0.000377554	0.000374656	0.000376154	0.000689282	0.000671583	0.000464526	0.005014576
"Int64"	"OldQuickSort"	14	16384	0.001664984	0.000369195	0.000370896	0.000368652	0.000707219	0.000696954	0.00044616	0.005088612
"Int64"	"OldQuickSort"	14	16384	0.001673133	0.00038675	0.000384412	0.00038536	0.000692574	0.000686324	0.000447784	0.005100088
"Int64"	"OldQuickSort"	14	16384	0.001751393	0.000367304	0.000369875	0.000370388	0.000708506	0.000687314	0.00044796	0.005109987
"Int64"	"OldQuickSort"	15	32768	0.003665045	0.000737974	0.000733547	0.000737809	0.00152504	0.00137908	0.000931708	0.006611779
"Int64"	"OldQuickSort"	15	32768	0.003661309	0.00075389	0.000792839	0.000757154	0.001406769	0.001430999	0.000897652	0.006632141
"Int64"	"OldQuickSort"	15	32768	0.003580529	0.000736334	0.000798898	0.000751552	0.00140332	0.001473851	0.001001838	0.006619414
"Int64"	"OldQuickSort"	15	32768	0.003664375	0.000787866	0.000756456	0.000738431	0.001459071	0.001470454	0.000975649	0.006614343
"Int64"	"OldQuickSort"	15	32768	0.003665355	0.000821805	0.000738483	0.000735889	0.00141115	0.001403067	0.000901469	0.006678933
"Int64"	"OldQuickSort"	16	65536	0.007733912	0.001604506	0.001616474	0.001560123	0.002915966	0.002935322	0.001917477	0.063431006
"Int64"	"OldQuickSort"	16	65536	0.007791882	0.001658018	0.001580242	0.001576504	0.002974751	0.002907969	0.001984704	0.06328388
"Int64"	"OldQuickSort"	16	65536	0.007776109	0.001542477	0.001646366	0.001534409	0.002872382	0.002943	0.001909842	0.063384365
"Int64"	"OldQuickSort"	16	65536	0.007733007	0.001538506	0.001627869	0.001539743	0.002958615	0.003009667	0.002018732	0.063285039
"Int64"	"OldQuickSort"	16	65536	0.007863186	0.001595958	0.001701263	0.001599938	0.002870399	0.002966418	0.001892596	0.063275153
"Int64"	"OldQuickSort"	17	131072	0.016182986	0.003302488	0.003206475	0.003428782	0.006162444	0.006093198	0.004183243	0.13837502
"Int64"	"OldQuickSort"	17	131072	0.016324923	0.003310193	0.003305792	0.003310665	0.006132591	0.006050046	0.004169345	0.137928537
"Int64"	"OldQuickSort"	17	131072	0.016169956	0.0032096	0.003369221	0.003290491	0.006184828	0.006070314	0.004116637	0.138055998
"Int64"	"OldQuickSort"	17	131072	0.016210615	0.003294118	0.003278346	0.003286987	0.006010405	0.006247657	0.004139558	0.138024188
"Int64"	"OldQuickSort"	17	131072	0.016370087	0.003290369	0.003298327	0.003313571	0.006182553	0.005995531	0.004109431	0.13783689
"Int64"	"OldQuickSort"	18	262144	0.034829664	0.006792701	0.00691393	0.006908936	0.012695059	0.012636498	0.008804219	0.488888247
"Int64"	"OldQuickSort"	18	262144	0.034695166	0.006872593	0.006752289	0.006881449	0.012551101	0.012709748	0.008769489	0.489211424
"Int64"	"OldQuickSort"	18	262144	0.034758942	0.006921912	0.007166223	0.007182188	0.012485359	0.012843215	0.008670665	0.488411657
"Int64"	"OldQuickSort"	18	262144	0.034388165	0.006908776	0.007039384	0.006877489	0.012618055	0.012971326	0.008653236	0.488530372
"Int64"	"OldQuickSort"	18	262144	0.034781809	0.006875922	0.006956042	0.006842162	0.012489133	0.012471104	0.008788557	0.489099463
"Int64"	"OldQuickSort"	19	524288	0.073083363	0.014501902	0.014747412	0.014560805	0.025840614	0.026118124	0.018511641	0.232099142
"Int64"	"OldQuickSort"	19	524288	0.072494462	0.014334315	0.014773828	0.014454011	0.025655701	0.02574616	0.018676683	0.232720803
"Int64"	"OldQuickSort"	19	524288	0.072779823	0.014399303	0.014754659	0.01448632	0.025728609	0.026256828	0.018694636	0.232294999
"Int64"	"OldQuickSort"	19	524288	0.072330818	0.014389635	0.01450862	0.014897397	0.025611648	0.026305109	0.018582764	0.232743205
"Int64"	"OldQuickSort"	19	524288	0.072784471	0.014357392	0.014496074	0.014489096	0.02604657	0.026091585	0.018610854	0.232576484
"Float32"	"OldQuickSort"	6	64	5.926e-6	3.588e-6	3.546e-6	3.772e-6	5.358e-6	4.66e-6	3.654e-6	6.39e-6
"Float32"	"OldQuickSort"	6	64	6.498e-6	3.468e-6	3.636e-6	3.744e-6	5.064e-6	4.942e-6	3.292e-6	5.982e-6
"Float32"	"OldQuickSort"	6	64	5.899e-6	3.756e-6	3.462e-6	3.83e-6	5.357e-6	5.004e-6	3.219e-6	5.765e-6
"Float32"	"OldQuickSort"	6	64	6.098e-6	3.452e-6	3.679e-6	3.816e-6	5.302e-6	5.03e-6	3.324e-6	5.822e-6
"Float32"	"OldQuickSort"	6	64	5.736e-6	3.692e-6	3.824e-6	3.91e-6	5.03e-6	4.548e-6	3.15e-6	5.871e-6
"Float32"	"OldQuickSort"	7	128	1.0116e-5	4.854e-6	4.898e-6	5.042e-6	8.561e-6	7.498e-6	4.858e-6	1.082e-5
"Float32"	"OldQuickSort"	7	128	1.0411e-5	7.606e-6	7.79e-6	7.428e-6	1.0909e-5	9.19e-6	7.579e-6	1.3208e-5
"Float32"	"OldQuickSort"	7	128	1.0595e-5	7.448e-6	7.516e-6	7.752e-6	1.126e-5	9.645e-6	7.564e-6	1.3146e-5
"Float32"	"OldQuickSort"	7	128	1.0798e-5	7.252e-6	6.882e-6	7.97e-6	1.1424e-5	9.867e-6	7.378e-6	1.3453e-5
"Float32"	"OldQuickSort"	7	128	1.0585e-5	7.749e-6	7.275e-6	7.93e-6	1.1248e-5	9.306e-6	6.69e-6	1.2924e-5
"Float32"	"OldQuickSort"	8	256	2.195e-5	7.964e-6	7.697e-6	8.076e-6	1.408e-5	1.2187e-5	8.066e-6	2.1759e-5
"Float32"	"OldQuickSort"	8	256	2.2088e-5	7.75e-6	7.588e-6	8.07e-6	1.362e-5	1.2939e-5	7.589e-6	2.1701e-5
"Float32"	"OldQuickSort"	8	256	2.1503e-5	7.484e-6	7.352e-6	7.517e-6	1.3582e-5	1.3213e-5	7.908e-6	2.1867e-5
"Float32"	"OldQuickSort"	8	256	2.1955e-5	7.766e-6	7.43e-6	7.866e-6	1.4332e-5	1.2431e-5	7.432e-6	2.1312e-5
"Float32"	"OldQuickSort"	8	256	2.2075e-5	8.068e-6	7.767e-6	7.999e-6	1.3631e-5	1.2861e-5	7.854e-6	2.1546e-5
"Float32"	"OldQuickSort"	9	512	4.2049e-5	1.241e-5	1.2002e-5	1.2168e-5	2.5169e-5	2.3135e-5	1.3258e-5	4.2423e-5
"Float32"	"OldQuickSort"	9	512	4.1988e-5	1.3039e-5	1.2782e-5	1.5115e-5	2.7027e-5	2.4263e-5	1.5655e-5	4.5577e-5
"Float32"	"OldQuickSort"	9	512	4.2891e-5	1.574e-5	1.4377e-5	1.4288e-5	2.7137e-5	2.5671e-5	1.6142e-5	4.553e-5
"Float32"	"OldQuickSort"	9	512	4.2583e-5	1.5295e-5	1.5149e-5	1.5431e-5	2.7045e-5	2.5497e-5	1.6606e-5	4.5626e-5
"Float32"	"OldQuickSort"	9	512	4.2665e-5	1.481e-5	1.455e-5	1.4807e-5	2.6577e-5	2.4243e-5	1.6325e-5	4.6605e-5
"Float32"	"OldQuickSort"	10	1024	8.6439e-5	2.2766e-5	2.2215e-5	2.2527e-5	4.7774e-5	4.5895e-5	2.6133e-5	8.7971e-5
"Float32"	"OldQuickSort"	10	1024	8.7148e-5	2.3708e-5	2.2985e-5	2.3347e-5	4.5386e-5	4.4893e-5	2.7727e-5	8.718e-5
"Float32"	"OldQuickSort"	10	1024	8.6636e-5	2.2807e-5	2.3871e-5	2.2338e-5	4.5411e-5	4.4481e-5	2.7249e-5	8.8108e-5
"Float32"	"OldQuickSort"	10	1024	8.7213e-5	2.4688e-5	2.4135e-5	2.423e-5	4.5911e-5	4.3208e-5	2.6045e-5	8.9481e-5
"Float32"	"OldQuickSort"	10	1024	8.7051e-5	2.3733e-5	2.3063e-5	2.3113e-5	4.5647e-5	4.373e-5	2.7766e-5	8.6594e-5
"Float32"	"OldQuickSort"	11	2048	0.000188106	4.4938e-5	4.3328e-5	4.3781e-5	8.9445e-5	8.895e-5	5.26e-5	0.000187522
"Float32"	"OldQuickSort"	11	2048	0.000188698	4.5347e-5	4.3069e-5	4.3629e-5	9.338e-5	9.0492e-5	5.5924e-5	0.000189332
"Float32"	"OldQuickSort"	11	2048	0.000187598	4.7508e-5	4.5561e-5	4.5257e-5	9.3497e-5	9.1583e-5	5.5777e-5	0.00019051
"Float32"	"OldQuickSort"	11	2048	0.000188114	4.8186e-5	4.4839e-5	4.6453e-5	9.4331e-5	9.1049e-5	5.485e-5	0.000188542
"Float32"	"OldQuickSort"	11	2048	0.00018774	4.778e-5	4.5897e-5	4.6314e-5	9.2335e-5	9.2423e-5	5.5294e-5	0.000188114
"Float32"	"OldQuickSort"	12	4096	0.000399831	9.1311e-5	8.7461e-5	8.7926e-5	0.000178668	0.000174365	0.000111679	0.000619304
"Float32"	"OldQuickSort"	12	4096	0.000401299	9.3155e-5	8.8873e-5	8.9309e-5	0.00018037	0.000176404	0.000111805	0.000619826
"Float32"	"OldQuickSort"	12	4096	0.00039865	8.9232e-5	8.6055e-5	8.6315e-5	0.000176746	0.000171542	0.000111587	0.000622717
"Float32"	"OldQuickSort"	12	4096	0.000401849	9.1953e-5	8.8533e-5	8.9424e-5	0.000180764	0.000179662	0.000109366	0.000619976
"Float32"	"OldQuickSort"	12	4096	0.000417481	9.2214e-5	8.9417e-5	8.9042e-5	0.000176688	0.00017715	0.000111319	0.000620729
"Float32"	"OldQuickSort"	13	8192	0.000942543	0.000184042	0.000279333	0.000179076	0.000363098	0.000453292	0.000229029	0.000878644
"Float32"	"OldQuickSort"	13	8192	0.000857101	0.000189542	0.00018394	0.000184532	0.000364803	0.000367223	0.000230911	0.000885036
"Float32"	"OldQuickSort"	13	8192	0.000858383	0.000189758	0.000183622	0.00018637	0.000365541	0.000361296	0.000230623	0.000896445
"Float32"	"OldQuickSort"	13	8192	0.000850685	0.000186016	0.000179141	0.000179695	0.00036457	0.000370618	0.000231023	0.000885114
"Float32"	"OldQuickSort"	13	8192	0.000850449	0.000187204	0.000178156	0.00018179	0.000364807	0.000358101	0.000231193	0.000967614
"Float32"	"OldQuickSort"	14	16384	0.001932419	0.000379044	0.000517492	0.000365532	0.000734978	0.000754933	0.000488189	0.002071849
"Float32"	"OldQuickSort"	14	16384	0.001824113	0.00038262	0.000368868	0.000367857	0.000733803	0.000749112	0.000489366	0.002020728
"Float32"	"OldQuickSort"	14	16384	0.001834877	0.000380126	0.000366564	0.000367038	0.000830493	0.000727307	0.000481973	0.002011024
"Float32"	"OldQuickSort"	14	16384	0.001826364	0.000381112	0.000444623	0.000366817	0.000733639	0.00074969	0.000499426	0.002112464
"Float32"	"OldQuickSort"	14	16384	0.001825313	0.000378922	0.00036659	0.000365289	0.000737241	0.000735963	0.000481789	0.002094468
"Float32"	"OldQuickSort"	15	32768	0.003919607	0.000865979	0.000751358	0.000760418	0.001476773	0.001606468	0.001016882	0.006925036
"Float32"	"OldQuickSort"	15	32768	0.003905515	0.000789961	0.000761178	0.000757204	0.001475163	0.001631439	0.001011434	0.006783501
"Float32"	"OldQuickSort"	15	32768	0.003931324	0.000803277	0.000775066	0.000771219	0.001493214	0.001570648	0.001021318	0.006934058
"Float32"	"OldQuickSort"	15	32768	0.003904683	0.000792115	0.000865387	0.000766308	0.001483075	0.001519044	0.001039081	0.006842369
"Float32"	"OldQuickSort"	15	32768	0.003877632	0.000785477	0.000758816	0.000755268	0.001496071	0.001558037	0.001018553	0.006937828
"Float32"	"OldQuickSort"	16	65536	0.008083121	0.001613131	0.001541907	0.001618169	0.003116822	0.003145371	0.002120091	0.028707481
"Float32"	"OldQuickSort"	16	65536	0.008373941	0.001627781	0.001571539	0.001573678	0.003039407	0.003161029	0.002122152	0.028435659
"Float32"	"OldQuickSort"	16	65536	0.008137432	0.001604005	0.001641483	0.001722016	0.003000831	0.003234329	0.002201824	0.028694807
"Float32"	"OldQuickSort"	16	65536	0.008267762	0.001697591	0.001664037	0.001650904	0.003123001	0.003205895	0.002193035	0.028612499
"Float32"	"OldQuickSort"	16	65536	0.008237815	0.001694322	0.001559965	0.001645516	0.003083099	0.003234076	0.002111119	0.028632527
"Float32"	"OldQuickSort"	17	131072	0.01749975	0.003298472	0.003251738	0.00318305	0.006287808	0.006770751	0.004493794	0.170877615
"Float32"	"OldQuickSort"	17	131072	0.01723386	0.003389221	0.003298938	0.003285311	0.006234055	0.006487663	0.004510374	0.170456401
"Float32"	"OldQuickSort"	17	131072	0.017263345	0.003388353	0.003191779	0.003300545	0.006200115	0.006710185	0.004547818	0.171335027
"Float32"	"OldQuickSort"	17	131072	0.017443078	0.00337656	0.003180617	0.003275763	0.006283077	0.006563496	0.004551978	0.171086566
"Float32"	"OldQuickSort"	17	131072	0.017603316	0.003316545	0.003284808	0.003247396	0.006287885	0.006571862	0.004525499	0.171104645
"Float32"	"OldQuickSort"	18	262144	0.036828963	0.006991726	0.006779967	0.006778525	0.012701258	0.013747319	0.009576085	NA
"Float32"	"OldQuickSort"	18	262144	0.03680544	0.006992798	0.00679881	0.006684288	0.012782241	0.013820885	0.009478046	NA
"Float32"	"OldQuickSort"	18	262144	0.036790934	0.00699096	0.006792686	0.006695154	0.01274049	0.013507852	0.009607624	NA
"Float32"	"OldQuickSort"	18	262144	0.036631981	0.006992168	0.006695587	0.006700817	0.012738784	0.013944581	0.009683528	NA
"Float32"	"OldQuickSort"	18	262144	0.036703787	0.007012998	0.006797301	0.006702331	0.012760286	0.013628445	0.009449519	NA
"Float32"	"OldQuickSort"	19	524288	0.077657128	0.014546743	0.014112056	0.014107556	0.025888717	0.028486202	0.019885172	NA
"Float32"	"OldQuickSort"	19	524288	0.077707906	0.014424307	0.014035002	0.014093611	0.026136532	0.028575327	0.020024731	NA
"Float32"	"OldQuickSort"	19	524288	0.077642012	0.014345814	0.014010191	0.013860357	0.026096672	0.028439773	0.019984422	NA
"Float32"	"OldQuickSort"	19	524288	0.077860538	0.014474941	0.014106634	0.014091627	0.025956086	0.028872411	0.020005241	NA
"Float32"	"OldQuickSort"	19	524288	0.077703869	0.014672462	0.014098738	0.014181978	0.025965833	0.027849231	0.019979648	NA
"Float64"	"OldQuickSort"	6	64	6.614e-6	3.74e-6	3.664e-6	3.736e-6	5.544e-6	5.158e-6	3.584e-6	6.474e-6
"Float64"	"OldQuickSort"	6	64	6.48e-6	3.792e-6	3.876e-6	4.026e-6	9.04e-6	8.096e-6	6.398e-6	9.254e-6
"Float64"	"OldQuickSort"	6	64	6.865e-6	6.766e-6	6.302e-6	6.495e-6	8.486e-6	6.918e-6	5.969e-6	9.021e-6
"Float64"	"OldQuickSort"	6	64	6.568e-6	6.327e-6	6.434e-6	6.543e-6	8.122e-6	8.036e-6	6.446e-6	9.12e-6
"Float64"	"OldQuickSort"	6	64	6.943e-6	5.586e-6	6.42e-6	6.55e-6	8.133e-6	7.495e-6	6.496e-6	8.228e-6
"Float64"	"OldQuickSort"	7	128	1.1254e-5	5.655e-6	5.512e-6	6.06e-6	8.258e-6	8.034e-6	5.552e-6	1.1244e-5
"Float64"	"OldQuickSort"	7	128	1.062e-5	5.682e-6	5.518e-6	5.69e-6	8.262e-6	7.29e-6	4.904e-6	1.1539e-5
"Float64"	"OldQuickSort"	7	128	1.0332e-5	5.272e-6	5.394e-6	5.564e-6	8.567e-6	7.125e-6	5.106e-6	1.1444e-5
"Float64"	"OldQuickSort"	7	128	1.083e-5	5.58e-6	5.505e-6	6.136e-6	8.436e-6	7.618e-6	5.108e-6	1.1502e-5
"Float64"	"OldQuickSort"	7	128	1.0588e-5	5.232e-6	5.368e-6	5.714e-6	8.678e-6	7.793e-6	4.988e-6	1.1292e-5
"Float64"	"OldQuickSort"	8	256	2.1089e-5	7.501e-6	7.458e-6	8.232e-6	1.3875e-5	1.3384e-5	7.696e-6	2.1195e-5
"Float64"	"OldQuickSort"	8	256	2.1113e-5	7.906e-6	7.736e-6	1.0116e-5	1.6755e-5	1.5134e-5	1.0428e-5	2.4276e-5
"Float64"	"OldQuickSort"	8	256	2.1743e-5	1.0397e-5	1.0236e-5	1.0354e-5	1.6594e-5	1.5686e-5	1.1031e-5	2.3743e-5
"Float64"	"OldQuickSort"	8	256	2.1453e-5	1.0404e-5	1.03e-5	1.1064e-5	1.6581e-5	1.4879e-5	9.823e-6	2.3913e-5
"Float64"	"OldQuickSort"	8	256	2.124e-5	1.0603e-5	1.0714e-5	1.0673e-5	1.6669e-5	1.6161e-5	1.062e-5	2.3972e-5
"Float64"	"OldQuickSort"	9	512	4.3362e-5	1.3533e-5	1.3129e-5	1.3649e-5	2.4736e-5	2.3565e-5	1.517e-5	4.385e-5
"Float64"	"OldQuickSort"	9	512	4.1825e-5	1.2948e-5	1.2544e-5	1.2374e-5	2.5335e-5	2.5159e-5	1.3867e-5	4.3541e-5
"Float64"	"OldQuickSort"	9	512	4.3126e-5	1.3834e-5	1.3084e-5	1.3725e-5	2.4489e-5	2.3443e-5	1.4926e-5	4.5129e-5
"Float64"	"OldQuickSort"	9	512	4.2413e-5	1.3069e-5	1.2766e-5	1.3352e-5	2.4149e-5	2.2671e-5	1.5148e-5	0.000127012
"Float64"	"OldQuickSort"	9	512	4.3045e-5	1.3316e-5	1.2991e-5	1.3079e-5	2.4845e-5	2.321e-5	1.418e-5	4.3591e-5
"Float64"	"OldQuickSort"	10	1024	8.8437e-5	2.4346e-5	2.3669e-5	2.3924e-5	4.5894e-5	4.4842e-5	3.0067e-5	8.9123e-5
"Float64"	"OldQuickSort"	10	1024	8.8907e-5	2.4793e-5	2.4025e-5	2.657e-5	4.9684e-5	4.8825e-5	3.0101e-5	9.1621e-5
"Float64"	"OldQuickSort"	10	1024	8.9513e-5	2.7758e-5	2.628e-5	2.6395e-5	4.9001e-5	4.7396e-5	3.0125e-5	9.0893e-5
"Float64"	"OldQuickSort"	10	1024	8.9539e-5	2.7631e-5	2.6239e-5	2.6869e-5	4.9943e-5	4.8141e-5	3.0335e-5	9.2091e-5
"Float64"	"OldQuickSort"	10	1024	8.8999e-5	2.6565e-5	2.6621e-5	2.6687e-5	4.9291e-5	4.8143e-5	2.9901e-5	9.2203e-5
"Float64"	"OldQuickSort"	11	2048	0.00019244	4.8172e-5	4.6749e-5	4.6955e-5	0.000168861	9.2939e-5	5.744e-5	0.0001901
"Float64"	"OldQuickSort"	11	2048	0.00018962	4.6643e-5	4.4682e-5	4.4347e-5	9.0581e-5	8.9977e-5	5.3934e-5	0.000190234
"Float64"	"OldQuickSort"	11	2048	0.000191342	4.7994e-5	4.5894e-5	4.6326e-5	8.7957e-5	9.2669e-5	5.6698e-5	0.000190566
"Float64"	"OldQuickSort"	11	2048	0.000189598	4.6835e-5	4.4564e-5	4.4799e-5	8.9923e-5	9.0211e-5	5.5538e-5	0.000190776
"Float64"	"OldQuickSort"	11	2048	0.00019119	4.8835e-5	4.6143e-5	4.6612e-5	8.7699e-5	9.0209e-5	5.6294e-5	0.000190288
"Float64"	"OldQuickSort"	12	4096	0.000408863	9.8453e-5	9.5305e-5	9.4967e-5	0.000177281	0.000185293	0.000120654	0.000632232
"Float64"	"OldQuickSort"	12	4096	0.000402817	9.6829e-5	9.3592e-5	9.2977e-5	0.000183118	0.000189206	0.000119001	0.000627044
"Float64"	"OldQuickSort"	12	4096	0.000403199	9.5963e-5	9.2853e-5	0.000183746	0.000179704	0.000188007	0.000119415	0.000631124
"Float64"	"OldQuickSort"	12	4096	0.000404401	9.6207e-5	9.2705e-5	9.5789e-5	0.00018159	0.000190034	0.000119066	0.000627452
"Float64"	"OldQuickSort"	12	4096	0.000407817	9.9265e-5	9.6961e-5	9.6817e-5	0.000238292	0.000194856	0.000119136	0.000676865
"Float64"	"OldQuickSort"	13	8192	0.000868822	0.000281207	0.000192284	0.00019268	0.000358227	0.00037217	0.000247943	0.000897196
"Float64"	"OldQuickSort"	13	8192	0.000868125	0.000199917	0.000195529	0.000195869	0.000359011	0.000378414	0.000244768	0.000987545
"Float64"	"OldQuickSort"	13	8192	0.000868982	0.000200942	0.0001955	0.000195646	0.000361313	0.000382924	0.000245994	0.000893768
"Float64"	"OldQuickSort"	13	8192	0.000869175	0.000199099	0.000193574	0.000193098	0.00036033	0.00038102	0.000244688	0.000901295
"Float64"	"OldQuickSort"	13	8192	0.000869288	0.00019938	0.000195125	0.000195112	0.000361497	0.000385362	0.000244842	0.000893242
"Float64"	"OldQuickSort"	14	16384	0.001951651	0.000404735	0.000394712	0.000395053	0.000798703	0.000770652	0.000515078	0.002122002
"Float64"	"OldQuickSort"	14	16384	0.001860801	0.000414615	0.000399421	0.000404589	0.000715482	0.000801075	0.000514661	0.002032126
"Float64"	"OldQuickSort"	14	16384	0.001862576	0.000416217	0.000404116	0.000401867	0.000716131	0.000801107	0.000521699	0.002047328
"Float64"	"OldQuickSort"	14	16384	0.001948015	0.000410239	0.000403527	0.000404257	0.000778115	0.000774885	0.000524694	0.002043657
"Float64"	"OldQuickSort"	14	16384	0.001862935	0.000410751	0.000404621	0.000403219	0.000714798	0.000887258	0.000519706	0.00202681
"Float64"	"OldQuickSort"	15	32768	0.003972337	0.000837304	0.000811801	0.00081599	0.001474731	0.001708258	0.001183995	0.006851346
"Float64"	"OldQuickSort"	15	32768	0.003943504	0.000908086	0.000801545	0.000880992	0.001448082	0.001581372	0.001048023	0.006952919
"Float64"	"OldQuickSort"	15	32768	0.003940901	0.00081838	0.000801331	0.000798921	0.001523786	0.001631491	0.001117633	0.006976483
"Float64"	"OldQuickSort"	15	32768	0.003942297	0.00082131	0.000799353	0.00080267	0.001445006	0.001623036	0.001041841	0.006955523
"Float64"	"OldQuickSort"	15	32768	0.003941684	0.000821928	0.000797763	0.000802027	0.001448304	0.00159207	0.001051003	0.006946697
"Float64"	"OldQuickSort"	16	65536	0.008313571	0.001685447	0.001632519	0.001630494	0.003029049	0.003398379	0.002235682	0.028603821
"Float64"	"OldQuickSort"	16	65536	0.008400233	0.001685835	0.001709929	0.001635247	0.003023385	0.003462211	0.002322001	0.028662452
"Float64"	"OldQuickSort"	16	65536	0.008407207	0.00178298	0.001714096	0.001707087	0.00303367	0.003426265	0.002296391	0.02877126
"Float64"	"OldQuickSort"	16	65536	0.008327998	0.001799591	0.001657783	0.001659252	0.002955862	0.00331211	0.002201821	0.028643482
"Float64"	"OldQuickSort"	16	65536	0.00830302	0.001697082	0.001654135	0.001746167	0.00295286	0.00338264	0.002295758	0.028800539
"Float64"	"OldQuickSort"	17	131072	0.017699983	0.003594433	0.003479391	0.003479694	0.006110564	0.006949661	0.004733667	0.171471528
"Float64"	"OldQuickSort"	17	131072	0.017639403	0.003497896	0.003481618	0.003467951	0.006108273	0.006571499	0.004847432	0.171761391
"Float64"	"OldQuickSort"	17	131072	0.017723403	0.003588885	0.003482591	0.00347687	0.006101973	0.006775517	0.004730972	0.172027906
"Float64"	"OldQuickSort"	17	131072	0.017798628	0.003589871	0.003469361	0.003394525	0.006127001	0.007303794	0.004736329	0.1717446
"Float64"	"OldQuickSort"	17	131072	0.017682324	0.003572708	0.003483544	0.003447584	0.006212959	0.006858602	0.004725737	0.171218177
"Float64"	"OldQuickSort"	18	262144	0.036861306	0.00748847	0.007215927	0.007237044	0.012325439	0.013942685	0.009764658	NA
"Float64"	"OldQuickSort"	18	262144	0.037150617	0.007312724	0.00717756	0.007185306	0.012563697	0.014051525	0.01078444	NA
"Float64"	"OldQuickSort"	18	262144	0.036994191	0.007461571	0.007196808	0.00719499	0.01242182	0.014326548	0.010036234	NA
"Float64"	"OldQuickSort"	18	262144	0.036999617	0.007415107	0.007358399	0.007291717	0.012559052	0.014328535	0.009980076	NA
"Float64"	"OldQuickSort"	18	262144	0.036903929	0.007458592	0.007266793	0.007116578	0.012470616	0.014228207	0.010016218	NA
"Float64"	"OldQuickSort"	19	524288	0.078711049	0.015597104	0.015183085	0.015072172	0.025588621	0.029647345	0.020947941	NA
"Float64"	"OldQuickSort"	19	524288	0.078401712	0.015243752	0.014980434	0.015019321	0.025545126	0.02907129	0.020996871	NA
"Float64"	"OldQuickSort"	19	524288	0.07835664	0.015433075	0.014922157	0.014998638	0.02547562	0.029083236	0.020958024	NA
"Float64"	"OldQuickSort"	19	524288	0.078540372	0.01540978	0.015184146	0.015038238	0.025268736	0.030056132	0.020928031	NA
"Float64"	"OldQuickSort"	19	524288	0.078551294	0.015346859	0.014932042	0.015035249	0.025683308	0.029090953	0.020888572	NA
